"customer_id","city"
716,NULL
1228,NULL
1876,NULL
1991,NULL
2275,NULL
2360,NULL
2552,NULL
3050,NULL
3236,NULL
3615,NULL
4396,NULL
4610,NULL
4797,NULL
4836,NULL
5090,NULL
5149,NULL
5416,NULL
5972,NULL
6327,NULL
6749,NULL
6883,NULL
6948,NULL
7156,NULL
7441,NULL
7560,NULL
7614,NULL
7634,NULL
7706,NULL
7758,NULL
8034,NULL
9037,NULL
9316,NULL
9541,NULL
9698,NULL
9892,NULL
10600,NULL
11148,NULL
11346,NULL
11446,NULL
11983,NULL
12699,NULL
12981,NULL
13013,NULL
1,NULL
13522,NULL
13845,NULL
14358,NULL
4235,NULL
15709,NULL
5012,NULL
16448,NULL
10234,NULL
10235,NULL
14981,NULL
15177,NULL
17981,NULL
15419,NULL
18242,NULL
18604,NULL
18644,NULL
18883,NULL
18934,NULL
18980,NULL
19175,NULL
19269,NULL
19344,NULL
19357,NULL
20000,NULL
20051,NULL
20101,NULL
20380,NULL
20474,NULL
20534,NULL
20628,NULL
20673,NULL
20832,NULL
21017,NULL
21106,NULL
21227,NULL
21249,NULL
21587,NULL
22216,NULL
23639,NULL
22695,NULL
22795,NULL
22882,NULL
22984,NULL
23068,NULL
23122,NULL
23329,NULL
23459,NULL
23606,NULL
23847,NULL
23995,NULL
24195,NULL
24282,NULL
24344,NULL
24479,NULL
24529,NULL
24697,NULL
25012,NULL
23640,NULL
23886,NULL
25394,NULL
24226,NULL
24619,NULL
25757,NULL
27382,NULL
26055,NULL
26086,NULL
26351,NULL
26401,NULL
26451,NULL
26722,NULL
27006,NULL
27181,NULL
27622,NULL
28162,NULL
28296,NULL
28795,NULL
28877,NULL
28309,NULL
28647,NULL
29220,NULL
29311,NULL
29409,NULL
29499,NULL
29644,NULL
29892,NULL
30278,NULL
30534,NULL
30252,NULL
31124,NULL
31153,NULL
31339,NULL
31442,NULL
31591,NULL
32484,NULL
32485,NULL
33122,NULL
33534,NULL
33637,NULL
33508,NULL
33942,NULL
34297,NULL
34328,NULL
34373,NULL
33943,NULL
34739,NULL
33944,NULL
34187,NULL
35134,NULL
35175,NULL
35236,NULL
35371,NULL
36001,NULL
36145,NULL
36321,NULL
36436,NULL
36483,NULL
36771,NULL
36884,NULL
37109,NULL
37161,NULL
37209,NULL
37291,NULL
37885,NULL
37497,NULL
37787,NULL
38297,NULL
38508,NULL
38660,NULL
38805,NULL
38972,NULL
39166,NULL
39250,NULL
40250,NULL
40500,NULL
40696,NULL
39394,NULL
41368,NULL
41710,NULL
41946,NULL
42004,NULL
42042,NULL
42549,NULL
42587,NULL
42682,NULL
43030,NULL
43072,NULL
43267,NULL
43314,NULL
43414,NULL
43499,NULL
43670,NULL
43686,NULL
44174,NULL
44350,NULL
44998,NULL
45149,NULL
45196,NULL
45248,NULL
45282,NULL
45334,NULL
45426,NULL
45699,NULL
45722,NULL
45864,NULL
45803,NULL
46310,NULL
46540,NULL
46094,NULL
46918,NULL
46970,NULL
47163,NULL
47215,NULL
47254,NULL
47308,NULL
47396,NULL
47541,NULL
47928,NULL
48131,NULL
48323,NULL
48753,NULL
48846,NULL
49133,NULL
49323,NULL
49465,NULL
49667,NULL
49757,NULL
49903,NULL
12,NULL
21,NULL
24,NULL
30,NULL
38,NULL
49959,NULL
44,NULL
49,NULL
56,NULL
63,NULL
70,NULL
72,NULL
291,NULL
107,NULL
115,NULL
120,NULL
130,NULL
131,NULL
616,NULL
139,NULL
164,NULL
166,NULL
178,NULL
189,NULL
201,NULL
213,NULL
227,NULL
261,NULL
271,NULL
1149,NULL
310,NULL
333,NULL
341,NULL
343,NULL
352,NULL
353,NULL
364,NULL
381,NULL
383,NULL
421,NULL
426,NULL
429,NULL
440,NULL
461,NULL
33091,NULL
495,NULL
500,NULL
503,NULL
1479,NULL
509,NULL
511,NULL
520,NULL
525,NULL
537,NULL
547,NULL
553,NULL
556,NULL
560,NULL
588,NULL
602,NULL
611,NULL
635,NULL
644,NULL
650,NULL
662,NULL
673,NULL
684,NULL
686,NULL
696,NULL
703,NULL
707,NULL
709,NULL
717,NULL
721,NULL
725,NULL
738,NULL
739,NULL
745,NULL
757,NULL
760,NULL
762,NULL
874,NULL
780,NULL
3648,NULL
804,NULL
818,NULL
835,NULL
847,NULL
849,NULL
851,NULL
862,NULL
873,NULL
885,NULL
891,NULL
922,NULL
4468,NULL
958,NULL
963,NULL
970,NULL
1311,NULL
1001,NULL
1007,NULL
1015,NULL
1407,NULL
1022,NULL
1051,NULL
1066,NULL
1079,NULL
1085,NULL
1097,NULL
1105,NULL
1111,NULL
1114,NULL
1119,NULL
1121,NULL
1126,NULL
1159,NULL
1162,NULL
1166,NULL
1178,NULL
1180,NULL
1182,NULL
1186,NULL
1194,NULL
1196,NULL
1206,NULL
1212,NULL
1220,NULL
1226,NULL
1227,NULL
1232,NULL
1283,NULL
4710,NULL
1293,NULL
1294,NULL
1295,NULL
1305,NULL
1316,NULL
1317,NULL
1327,NULL
1354,NULL
1408,NULL
1370,NULL
1404,NULL
1409,NULL
1441,NULL
1447,NULL
1452,NULL
2752,NULL
1482,NULL
1483,NULL
1494,NULL
1516,NULL
1525,NULL
1531,NULL
1538,NULL
1539,NULL
1544,NULL
1545,NULL
1546,NULL
2944,NULL
1557,NULL
1565,NULL
1582,NULL
1601,NULL
1623,NULL
1626,NULL
1628,NULL
1630,NULL
3040,NULL
1656,NULL
1658,NULL
1670,NULL
1686,NULL
1691,NULL
3426,NULL
1700,NULL
1705,NULL
1706,NULL
1707,NULL
1716,NULL
1717,NULL
1739,NULL
1742,NULL
1757,NULL
1782,NULL
1804,NULL
1812,NULL
1821,NULL
1823,NULL
1824,NULL
1833,NULL
1835,NULL
1839,NULL
3863,NULL
1848,NULL
4711,NULL
2689,NULL
1885,NULL
1888,NULL
1895,NULL
1909,NULL
1910,NULL
1935,NULL
1949,NULL
1955,NULL
1964,NULL
1972,NULL
1983,NULL
2016,NULL
2025,NULL
2029,NULL
2049,NULL
2064,NULL
2080,NULL
2092,NULL
2098,NULL
2099,NULL
2106,NULL
2120,NULL
2126,NULL
4152,NULL
2133,NULL
2139,NULL
2143,NULL
2147,NULL
2172,NULL
2177,NULL
4296,NULL
2184,NULL
2210,NULL
2212,NULL
2221,NULL
4297,NULL
2248,NULL
5680,NULL
2255,NULL
2258,NULL
2261,NULL
2264,NULL
2269,NULL
2280,NULL
2293,NULL
2295,NULL
2305,NULL
2310,NULL
2316,NULL
2345,NULL
9680,NULL
2368,NULL
2370,NULL
2383,NULL
11852,NULL
2403,NULL
2406,NULL
2424,NULL
11948,NULL
2447,NULL
5068,NULL
2466,NULL
2493,NULL
2503,NULL
2523,NULL
2542,NULL
2559,NULL
2580,NULL
2586,NULL
2602,NULL
2607,NULL
2628,NULL
2632,NULL
2657,NULL
2659,NULL
2664,NULL
2672,NULL
2691,NULL
2696,NULL
2697,NULL
2712,NULL
2715,NULL
2723,NULL
2724,NULL
2730,NULL
2741,NULL
2750,NULL
2756,NULL
2769,NULL
2782,NULL
5361,NULL
2841,NULL
2857,NULL
2880,NULL
2890,NULL
2906,NULL
2912,NULL
2919,NULL
2973,NULL
2977,NULL
3001,NULL
3021,NULL
3038,NULL
3065,NULL
3070,NULL
3090,NULL
3103,NULL
3114,NULL
3131,NULL
3132,NULL
9116,NULL
3141,NULL
3148,NULL
3150,NULL
3152,NULL
3167,NULL
3170,NULL
3187,NULL
3190,NULL
3201,NULL
3209,NULL
3212,NULL
3232,NULL
3244,NULL
3250,NULL
3267,NULL
3271,NULL
3272,NULL
3282,NULL
3285,NULL
3289,NULL
3296,NULL
3300,NULL
3305,NULL
3351,NULL
3359,NULL
3360,NULL
3384,NULL
3391,NULL
3409,NULL
3414,NULL
3416,NULL
3445,NULL
3449,NULL
3454,NULL
3455,NULL
3457,NULL
3462,NULL
3471,NULL
3482,NULL
3497,NULL
3499,NULL
3505,NULL
3508,NULL
3516,NULL
3523,NULL
9165,NULL
3525,NULL
3536,NULL
3547,NULL
3548,NULL
3549,NULL
3553,NULL
3556,NULL
3557,NULL
3560,NULL
3562,NULL
3571,NULL
3613,NULL
3633,NULL
3635,NULL
3642,NULL
3646,NULL
3669,NULL
3674,NULL
3679,NULL
3680,NULL
3693,NULL
3707,NULL
3712,NULL
3714,NULL
10082,NULL
3740,NULL
3753,NULL
3763,NULL
3770,NULL
12386,NULL
3795,NULL
3810,NULL
3814,NULL
3836,NULL
3854,NULL
3882,NULL
3884,NULL
3891,NULL
3905,NULL
3910,NULL
11291,NULL
3923,NULL
3927,NULL
3931,NULL
3932,NULL
3938,NULL
3950,NULL
3957,NULL
3976,NULL
3980,NULL
3981,NULL
3985,NULL
4016,NULL
4051,NULL
4061,NULL
4067,NULL
4069,NULL
4073,NULL
4100,NULL
4126,NULL
4131,NULL
4133,NULL
4135,NULL
4158,NULL
4161,NULL
4176,NULL
13119,NULL
4181,NULL
4219,NULL
14428,NULL
4231,NULL
4233,NULL
4247,NULL
4306,NULL
4319,NULL
4326,NULL
4328,NULL
4339,NULL
4353,NULL
4360,NULL
4365,NULL
4367,NULL
4371,NULL
15011,NULL
4380,NULL
4408,NULL
4415,NULL
4429,NULL
4430,NULL
4436,NULL
4465,NULL
4480,NULL
4481,NULL
4483,NULL
4485,NULL
4499,NULL
4506,NULL
4514,NULL
4529,NULL
4540,NULL
4544,NULL
4562,NULL
4567,NULL
4577,NULL
4594,NULL
4599,NULL
4603,NULL
4608,NULL
4620,NULL
4629,NULL
4640,NULL
4653,NULL
4677,NULL
4684,NULL
4708,NULL
4724,NULL
4725,NULL
4727,NULL
4741,NULL
15257,NULL
4761,NULL
4762,NULL
4767,NULL
4769,NULL
4777,NULL
4779,NULL
4780,NULL
4809,NULL
4963,NULL
4822,NULL
4824,NULL
4827,NULL
4840,NULL
4851,NULL
4853,NULL
4859,NULL
4889,NULL
4904,NULL
15353,NULL
4913,NULL
5215,NULL
4926,NULL
4946,NULL
4947,NULL
4955,NULL
4965,NULL
4968,NULL
4969,NULL
5014,NULL
5033,NULL
15549,NULL
5052,NULL
5071,NULL
5082,NULL
5092,NULL
5104,NULL
5109,NULL
5113,NULL
5114,NULL
5127,NULL
5134,NULL
15646,NULL
5154,NULL
5932,NULL
5160,NULL
5172,NULL
5184,NULL
5205,NULL
5211,NULL
5218,NULL
5224,NULL
5226,NULL
5227,NULL
5229,NULL
5235,NULL
5237,NULL
5242,NULL
5248,NULL
5285,NULL
5297,NULL
5314,NULL
5319,NULL
5351,NULL
5370,NULL
5376,NULL
5381,NULL
5382,NULL
5383,NULL
5384,NULL
5391,NULL
5403,NULL
5407,NULL
12112,NULL
5412,NULL
5414,NULL
5418,NULL
5427,NULL
5431,NULL
5432,NULL
5463,NULL
5466,NULL
5476,NULL
5483,NULL
5493,NULL
5495,NULL
5525,NULL
5533,NULL
5538,NULL
5540,NULL
6218,NULL
5558,NULL
5563,NULL
5565,NULL
5571,NULL
5582,NULL
5583,NULL
5588,NULL
5605,NULL
5633,NULL
5676,NULL
5686,NULL
5687,NULL
5688,NULL
5691,NULL
5713,NULL
5724,NULL
5727,NULL
18733,NULL
5738,NULL
5752,NULL
5770,NULL
5784,NULL
5790,NULL
12599,NULL
5803,NULL
5808,NULL
5812,NULL
5816,NULL
5894,NULL
5895,NULL
5899,NULL
5909,NULL
5928,NULL
13330,NULL
29754,NULL
6012,NULL
29804,NULL
6021,NULL
6027,NULL
6029,NULL
6032,NULL
6044,NULL
6045,NULL
6048,NULL
6051,NULL
6059,NULL
6060,NULL
6081,NULL
6101,NULL
6107,NULL
7173,NULL
6115,NULL
13477,NULL
30052,NULL
6172,NULL
6174,NULL
6198,NULL
6241,NULL
6246,NULL
6248,NULL
6249,NULL
6258,NULL
6261,NULL
6271,NULL
6281,NULL
6301,NULL
30536,NULL
6317,NULL
6332,NULL
6343,NULL
30777,NULL
6359,NULL
6368,NULL
6386,NULL
6391,NULL
6394,NULL
6401,NULL
6408,NULL
6413,NULL
6427,NULL
6435,NULL
6438,NULL
6450,NULL
6850,NULL
6465,NULL
6468,NULL
6475,NULL
6497,NULL
6509,NULL
6516,NULL
6521,NULL
6526,NULL
6527,NULL
6537,NULL
6547,NULL
6549,NULL
6558,NULL
6851,NULL
6582,NULL
6595,NULL
6596,NULL
6599,NULL
6612,NULL
6625,NULL
6631,NULL
6638,NULL
6646,NULL
6650,NULL
6656,NULL
6657,NULL
6664,NULL
30778,NULL
6748,NULL
6713,NULL
6714,NULL
6745,NULL
6751,NULL
6753,NULL
6757,NULL
6759,NULL
6780,NULL
6789,NULL
6795,NULL
7141,NULL
6803,NULL
6804,NULL
6819,NULL
31164,NULL
6835,NULL
6838,NULL
7041,NULL
6882,NULL
6904,NULL
6918,NULL
6930,NULL
6951,NULL
6990,NULL
6993,NULL
7006,NULL
7008,NULL
7009,NULL
7032,NULL
7034,NULL
7051,NULL
7053,NULL
7055,NULL
7064,NULL
7068,NULL
7069,NULL
31946,NULL
7078,NULL
7088,NULL
7101,NULL
7108,NULL
7111,NULL
7118,NULL
7129,NULL
7155,NULL
7159,NULL
7161,NULL
7179,NULL
7202,NULL
7203,NULL
7210,NULL
7218,NULL
7228,NULL
7233,NULL
7235,NULL
7241,NULL
7259,NULL
7263,NULL
7272,NULL
7277,NULL
7278,NULL
7285,NULL
7294,NULL
7298,NULL
7314,NULL
7317,NULL
8089,NULL
7319,NULL
9046,NULL
7376,NULL
7399,NULL
7411,NULL
7414,NULL
7415,NULL
7417,NULL
7422,NULL
7424,NULL
7427,NULL
7442,NULL
7444,NULL
7449,NULL
7457,NULL
7458,NULL
7488,NULL
7501,NULL
7502,NULL
7509,NULL
9197,NULL
7513,NULL
7524,NULL
7959,NULL
7534,NULL
7540,NULL
7545,NULL
7552,NULL
7556,NULL
7566,NULL
7567,NULL
7571,NULL
31947,NULL
7622,NULL
7636,NULL
7647,NULL
7652,NULL
7661,NULL
7673,NULL
7708,NULL
7709,NULL
7710,NULL
8155,NULL
7728,NULL
7732,NULL
7733,NULL
7734,NULL
7741,NULL
7782,NULL
7785,NULL
7809,NULL
7818,NULL
7837,NULL
32094,NULL
7857,NULL
7874,NULL
7883,NULL
7886,NULL
7890,NULL
7891,NULL
7897,NULL
7908,NULL
7921,NULL
7939,NULL
7946,NULL
7951,NULL
7954,NULL
7958,NULL
7976,NULL
7982,NULL
7989,NULL
32142,NULL
7994,NULL
19890,NULL
8008,NULL
8024,NULL
8026,NULL
8039,NULL
8043,NULL
8063,NULL
8076,NULL
8085,NULL
8092,NULL
8102,NULL
8110,NULL
8118,NULL
8121,NULL
8125,NULL
8127,NULL
20278,NULL
8176,NULL
8191,NULL
8445,NULL
8210,NULL
8211,NULL
8217,NULL
8224,NULL
8236,NULL
8240,NULL
8245,NULL
8257,NULL
8267,NULL
8268,NULL
8276,NULL
8290,NULL
8294,NULL
8299,NULL
8303,NULL
8315,NULL
8319,NULL
8328,NULL
8364,NULL
8370,NULL
32822,NULL
8391,NULL
27860,NULL
8409,NULL
33117,NULL
8435,NULL
8438,NULL
8453,NULL
8491,NULL
8502,NULL
8516,NULL
33263,NULL
8521,NULL
8524,NULL
8534,NULL
27909,NULL
8537,NULL
8543,NULL
8544,NULL
8565,NULL
8580,NULL
28053,NULL
8732,NULL
8593,NULL
8609,NULL
33264,NULL
8648,NULL
8652,NULL
8660,NULL
8661,NULL
8671,NULL
8673,NULL
8685,NULL
8701,NULL
8702,NULL
8706,NULL
33265,NULL
8714,NULL
8719,NULL
8721,NULL
8723,NULL
8734,NULL
8747,NULL
8748,NULL
8749,NULL
8755,NULL
8759,NULL
8762,NULL
8765,NULL
8792,NULL
8793,NULL
8796,NULL
8826,NULL
8829,NULL
8831,NULL
8846,NULL
8859,NULL
8870,NULL
9070,NULL
8889,NULL
8900,NULL
8916,NULL
8923,NULL
8926,NULL
9115,NULL
8968,NULL
8972,NULL
8973,NULL
8980,NULL
8981,NULL
8997,NULL
9022,NULL
9044,NULL
9050,NULL
9057,NULL
9060,NULL
9061,NULL
9073,NULL
9085,NULL
9086,NULL
9106,NULL
9107,NULL
9110,NULL
9651,NULL
9124,NULL
9127,NULL
9133,NULL
9143,NULL
9177,NULL
9188,NULL
9204,NULL
9205,NULL
9214,NULL
9218,NULL
9243,NULL
9274,NULL
9284,NULL
9290,NULL
9292,NULL
9309,NULL
9315,NULL
9317,NULL
9327,NULL
9328,NULL
9335,NULL
9339,NULL
9355,NULL
9357,NULL
9368,NULL
9371,NULL
9377,NULL
9381,NULL
9394,NULL
9411,NULL
9427,NULL
9441,NULL
9449,NULL
9454,NULL
9463,NULL
9475,NULL
9494,NULL
9501,NULL
9516,NULL
9539,NULL
9549,NULL
9570,NULL
9579,NULL
9585,NULL
9614,NULL
9616,NULL
9643,NULL
9647,NULL
9659,NULL
9661,NULL
9666,NULL
9667,NULL
9688,NULL
9703,NULL
9716,NULL
9719,NULL
9733,NULL
9743,NULL
9745,NULL
9747,NULL
9753,NULL
9757,NULL
9788,NULL
9798,NULL
9803,NULL
9819,NULL
9829,NULL
9834,NULL
9839,NULL
28485,NULL
9842,NULL
9850,NULL
9856,NULL
9859,NULL
9870,NULL
9873,NULL
9898,NULL
9902,NULL
9907,NULL
9921,NULL
9954,NULL
9963,NULL
9968,NULL
9988,NULL
10010,NULL
10012,NULL
10021,NULL
10025,NULL
10029,NULL
10030,NULL
10040,NULL
10053,NULL
10058,NULL
10066,NULL
10071,NULL
10077,NULL
10102,NULL
10103,NULL
10115,NULL
10123,NULL
10129,NULL
10130,NULL
10140,NULL
10142,NULL
10153,NULL
10163,NULL
10173,NULL
10179,NULL
10181,NULL
10197,NULL
10208,NULL
10224,NULL
10225,NULL
30810,NULL
10229,NULL
10230,NULL
10238,NULL
10246,NULL
10247,NULL
10256,NULL
10258,NULL
10266,NULL
10289,NULL
10303,NULL
10335,NULL
10337,NULL
10344,NULL
10350,NULL
10356,NULL
10362,NULL
10378,NULL
10388,NULL
10389,NULL
10415,NULL
10426,NULL
10462,NULL
10463,NULL
10491,NULL
10514,NULL
10613,NULL
10525,NULL
10557,NULL
10568,NULL
10579,NULL
10585,NULL
10586,NULL
10610,NULL
10624,NULL
10627,NULL
10633,NULL
10647,NULL
10675,NULL
10681,NULL
10690,NULL
11000,NULL
10726,NULL
10731,NULL
10734,NULL
10739,NULL
10751,NULL
10753,NULL
11001,NULL
10765,NULL
10768,NULL
10778,NULL
10783,NULL
10810,NULL
10815,NULL
10816,NULL
10818,NULL
10819,NULL
10821,NULL
10824,NULL
10853,NULL
10893,NULL
10895,NULL
10912,NULL
10920,NULL
10921,NULL
10932,NULL
10942,NULL
10951,NULL
10960,NULL
10967,NULL
10971,NULL
10983,NULL
11008,NULL
11030,NULL
11031,NULL
11034,NULL
11044,NULL
11047,NULL
11049,NULL
11063,NULL
11077,NULL
11088,NULL
11089,NULL
11093,NULL
11095,NULL
11103,NULL
11249,NULL
11121,NULL
11131,NULL
11155,NULL
11158,NULL
11161,NULL
11192,NULL
11208,NULL
11233,NULL
11245,NULL
11256,NULL
11265,NULL
11274,NULL
11277,NULL
11279,NULL
11281,NULL
12068,NULL
11304,NULL
11307,NULL
11309,NULL
11313,NULL
11318,NULL
11323,NULL
11328,NULL
33092,NULL
11351,NULL
11356,NULL
11358,NULL
11361,NULL
11367,NULL
11395,NULL
11404,NULL
11407,NULL
11408,NULL
11413,NULL
11416,NULL
11427,NULL
11429,NULL
11433,NULL
11437,NULL
11450,NULL
11466,NULL
11474,NULL
11489,NULL
11500,NULL
11505,NULL
11524,NULL
11526,NULL
11531,NULL
11553,NULL
11555,NULL
11570,NULL
11573,NULL
11583,NULL
11603,NULL
11607,NULL
34299,NULL
11631,NULL
12069,NULL
11641,NULL
11643,NULL
11647,NULL
11656,NULL
11665,NULL
11678,NULL
11680,NULL
11688,NULL
11689,NULL
11695,NULL
11714,NULL
11717,NULL
12218,NULL
11735,NULL
11738,NULL
11750,NULL
11767,NULL
11769,NULL
34833,NULL
11774,NULL
11786,NULL
11801,NULL
11811,NULL
11830,NULL
11832,NULL
11865,NULL
11869,NULL
11873,NULL
11883,NULL
11888,NULL
11898,NULL
11900,NULL
11904,NULL
11909,NULL
35265,NULL
11921,NULL
11946,NULL
11960,NULL
11966,NULL
11970,NULL
11981,NULL
11988,NULL
12002,NULL
12011,NULL
12023,NULL
12033,NULL
12048,NULL
12056,NULL
12059,NULL
12080,NULL
12089,NULL
12091,NULL
12098,NULL
12103,NULL
12111,NULL
12129,NULL
12134,NULL
12145,NULL
12153,NULL
12154,NULL
12176,NULL
12183,NULL
12198,NULL
12200,NULL
12205,NULL
12209,NULL
12214,NULL
12226,NULL
12229,NULL
12250,NULL
12267,NULL
12269,NULL
12279,NULL
12280,NULL
12286,NULL
12291,NULL
35266,NULL
12312,NULL
12326,NULL
12343,NULL
12350,NULL
12372,NULL
12395,NULL
12397,NULL
12413,NULL
12422,NULL
12434,NULL
12437,NULL
12441,NULL
12448,NULL
12450,NULL
12464,NULL
12466,NULL
12470,NULL
12477,NULL
12484,NULL
12490,NULL
12510,NULL
12525,NULL
12526,NULL
12528,NULL
12531,NULL
12539,NULL
12543,NULL
12547,NULL
12553,NULL
12555,NULL
12560,NULL
12570,NULL
12584,NULL
12586,NULL
12591,NULL
12597,NULL
12598,NULL
12850,NULL
12607,NULL
12611,NULL
12629,NULL
12637,NULL
12639,NULL
12660,NULL
12662,NULL
12666,NULL
12684,NULL
12688,NULL
48885,NULL
12698,NULL
12729,NULL
12735,NULL
12743,NULL
12760,NULL
12770,NULL
12772,NULL
12774,NULL
12779,NULL
12783,NULL
12790,NULL
12791,NULL
12793,NULL
12806,NULL
12817,NULL
12819,NULL
12820,NULL
12876,NULL
12836,NULL
12856,NULL
12861,NULL
12865,NULL
12866,NULL
12867,NULL
12888,NULL
12894,NULL
12917,NULL
12918,NULL
12922,NULL
12930,NULL
12940,NULL
14693,NULL
12952,NULL
12967,NULL
12983,NULL
12987,NULL
13016,NULL
13021,NULL
13025,NULL
13027,NULL
13035,NULL
13050,NULL
13061,NULL
13067,NULL
13073,NULL
13074,NULL
13082,NULL
13092,NULL
13093,NULL
13116,NULL
13127,NULL
13131,NULL
13132,NULL
13133,NULL
13135,NULL
13137,NULL
13147,NULL
13155,NULL
13161,NULL
13166,NULL
13167,NULL
13177,NULL
13179,NULL
13181,NULL
13189,NULL
13208,NULL
13231,NULL
13236,NULL
13241,NULL
13251,NULL
13258,NULL
13260,NULL
13263,NULL
13267,NULL
13273,NULL
13277,NULL
13278,NULL
13279,NULL
13281,NULL
13309,NULL
13312,NULL
13323,NULL
13335,NULL
13343,NULL
13344,NULL
13348,NULL
13350,NULL
13374,NULL
13384,NULL
13394,NULL
13399,NULL
13403,NULL
13404,NULL
13428,NULL
13433,NULL
13434,NULL
13441,NULL
13448,NULL
13457,NULL
13462,NULL
13475,NULL
13491,NULL
13498,NULL
13501,NULL
13512,NULL
13520,NULL
13523,NULL
13539,NULL
13541,NULL
13544,NULL
13549,NULL
13551,NULL
13552,NULL
13558,NULL
13563,NULL
13581,NULL
13610,NULL
13622,NULL
13629,NULL
13652,NULL
13657,NULL
13671,NULL
13673,NULL
13680,NULL
13686,NULL
13711,NULL
13718,NULL
13863,NULL
13746,NULL
13757,NULL
13775,NULL
13786,NULL
13791,NULL
13797,NULL
13824,NULL
13829,NULL
13833,NULL
13846,NULL
13884,NULL
13886,NULL
13894,NULL
13914,NULL
13943,NULL
13949,NULL
13959,NULL
13972,NULL
13982,NULL
14003,NULL
14016,NULL
14022,NULL
14025,NULL
14028,NULL
14029,NULL
14051,NULL
14054,NULL
14062,NULL
14126,NULL
14134,NULL
14149,NULL
14178,NULL
14179,NULL
14182,NULL
14183,NULL
14200,NULL
14213,NULL
14214,NULL
14270,NULL
14275,NULL
14297,NULL
14312,NULL
14314,NULL
14315,NULL
14323,NULL
14324,NULL
14331,NULL
14338,NULL
14363,NULL
14364,NULL
14366,NULL
14375,NULL
14378,NULL
14382,NULL
14387,NULL
14400,NULL
14416,NULL
14419,NULL
14421,NULL
14432,NULL
14434,NULL
14443,NULL
14466,NULL
14468,NULL
14477,NULL
14482,NULL
14485,NULL
14492,NULL
14499,NULL
14511,NULL
14516,NULL
14522,NULL
14530,NULL
14540,NULL
14558,NULL
14566,NULL
14570,NULL
14574,NULL
14581,NULL
14608,NULL
14620,NULL
14621,NULL
14633,NULL
14659,NULL
14672,NULL
14675,NULL
14682,NULL
14709,NULL
14723,NULL
14724,NULL
14756,NULL
14776,NULL
14777,NULL
14783,NULL
14786,NULL
14814,NULL
14818,NULL
14826,NULL
14828,NULL
14849,NULL
14850,NULL
14853,NULL
14858,NULL
14877,NULL
14879,NULL
14894,NULL
14902,NULL
14910,NULL
15009,NULL
15071,NULL
14934,NULL
14939,NULL
14941,NULL
14944,NULL
14946,NULL
14947,NULL
15010,NULL
14968,NULL
14971,NULL
15004,NULL
15007,NULL
15014,NULL
15016,NULL
15053,NULL
15062,NULL
15069,NULL
15074,NULL
15079,NULL
15086,NULL
15087,NULL
15116,NULL
15118,NULL
15363,NULL
15128,NULL
15129,NULL
15135,NULL
15138,NULL
15149,NULL
15164,NULL
15165,NULL
15171,NULL
15182,NULL
15183,NULL
15192,NULL
15216,NULL
15222,NULL
15230,NULL
15232,NULL
15245,NULL
15247,NULL
15261,NULL
15265,NULL
15266,NULL
15271,NULL
15275,NULL
15279,NULL
15284,NULL
15291,NULL
15299,NULL
15305,NULL
15308,NULL
15312,NULL
15848,NULL
15333,NULL
15357,NULL
15387,NULL
15389,NULL
15398,NULL
15404,NULL
15405,NULL
15410,NULL
15428,NULL
15430,NULL
15439,NULL
15449,NULL
15452,NULL
15468,NULL
15469,NULL
15482,NULL
15498,NULL
15505,NULL
15511,NULL
15513,NULL
15525,NULL
15533,NULL
15541,NULL
15548,NULL
15562,NULL
15566,NULL
15570,NULL
15571,NULL
15573,NULL
15585,NULL
15633,NULL
15643,NULL
15644,NULL
15658,NULL
15695,NULL
15702,NULL
15712,NULL
15722,NULL
16958,NULL
15763,NULL
15767,NULL
15778,NULL
15783,NULL
15813,NULL
15823,NULL
15826,NULL
15839,NULL
15845,NULL
15850,NULL
15852,NULL
15855,NULL
15875,NULL
15912,NULL
15930,NULL
15940,NULL
16138,NULL
15947,NULL
15952,NULL
15972,NULL
15980,NULL
15981,NULL
16010,NULL
16031,NULL
16521,NULL
16044,NULL
16054,NULL
16058,NULL
16061,NULL
16063,NULL
16069,NULL
16074,NULL
16078,NULL
16085,NULL
16086,NULL
16098,NULL
16113,NULL
16122,NULL
16132,NULL
16135,NULL
16141,NULL
16161,NULL
16162,NULL
16172,NULL
16186,NULL
16191,NULL
16199,NULL
16202,NULL
16220,NULL
16234,NULL
16256,NULL
16272,NULL
16279,NULL
16281,NULL
16296,NULL
16302,NULL
16304,NULL
16310,NULL
16313,NULL
16349,NULL
16365,NULL
16372,NULL
16378,NULL
16401,NULL
16413,NULL
16445,NULL
16462,NULL
16474,NULL
16483,NULL
16484,NULL
16488,NULL
16506,NULL
16523,NULL
16532,NULL
16538,NULL
16551,NULL
16562,NULL
16571,NULL
16583,NULL
16597,NULL
16644,NULL
16645,NULL
16677,NULL
16678,NULL
16682,NULL
16720,NULL
16725,NULL
16728,NULL
16790,NULL
16794,NULL
16800,NULL
16801,NULL
16809,NULL
16819,NULL
16829,NULL
16859,NULL
16865,NULL
16885,NULL
16888,NULL
16908,NULL
16912,NULL
16913,NULL
16932,NULL
16935,NULL
16956,NULL
16962,NULL
16965,NULL
16970,NULL
16990,NULL
16991,NULL
16994,NULL
17002,NULL
17003,NULL
17013,NULL
17027,NULL
17048,NULL
17098,NULL
17068,NULL
17081,NULL
17087,NULL
17089,NULL
17101,NULL
17102,NULL
17107,NULL
17110,NULL
17118,NULL
17122,NULL
17124,NULL
17134,NULL
17136,NULL
17140,NULL
17153,NULL
17165,NULL
17192,NULL
17197,NULL
17231,NULL
17242,NULL
17279,NULL
17300,NULL
17311,NULL
17315,NULL
17766,NULL
17341,NULL
17360,NULL
17366,NULL
17381,NULL
17393,NULL
17401,NULL
17405,NULL
17410,NULL
17416,NULL
17419,NULL
17422,NULL
17424,NULL
17431,NULL
17432,NULL
17462,NULL
17465,NULL
17467,NULL
17474,NULL
17509,NULL
17517,NULL
17817,NULL
17528,NULL
17556,NULL
17561,NULL
17566,NULL
17578,NULL
17588,NULL
17592,NULL
17600,NULL
17616,NULL
17619,NULL
17867,NULL
17633,NULL
17646,NULL
17648,NULL
17660,NULL
17674,NULL
17677,NULL
17686,NULL
17693,NULL
17709,NULL
17714,NULL
17717,NULL
17723,NULL
17728,NULL
17734,NULL
17750,NULL
17756,NULL
17769,NULL
17771,NULL
17773,NULL
17777,NULL
17784,NULL
17789,NULL
17791,NULL
17799,NULL
17803,NULL
17824,NULL
17844,NULL
17856,NULL
17857,NULL
17859,NULL
17866,NULL
17872,NULL
17875,NULL
17893,NULL
17894,NULL
17899,NULL
17909,NULL
18205,NULL
17924,NULL
17935,NULL
17946,NULL
17972,NULL
17985,NULL
17987,NULL
17992,NULL
17997,NULL
18023,NULL
18039,NULL
18053,NULL
18064,NULL
18067,NULL
18073,NULL
18108,NULL
18118,NULL
18124,NULL
18132,NULL
18140,NULL
18145,NULL
18151,NULL
18195,NULL
18234,NULL
18238,NULL
18247,NULL
18258,NULL
18285,NULL
18295,NULL
18636,NULL
18308,NULL
18324,NULL
18331,NULL
18334,NULL
18353,NULL
18357,NULL
18370,NULL
19451,NULL
18404,NULL
18416,NULL
18419,NULL
18423,NULL
18428,NULL
18438,NULL
18440,NULL
18488,NULL
18516,NULL
18519,NULL
18525,NULL
18540,NULL
18577,NULL
18619,NULL
18625,NULL
18635,NULL
18645,NULL
18658,NULL
18659,NULL
19081,NULL
18724,NULL
18735,NULL
18779,NULL
18799,NULL
18845,NULL
18851,NULL
18855,NULL
18865,NULL
18887,NULL
18889,NULL
18896,NULL
18904,NULL
18926,NULL
18929,NULL
18937,NULL
18950,NULL
18956,NULL
18964,NULL
18967,NULL
18983,NULL
18985,NULL
19008,NULL
19014,NULL
19036,NULL
19039,NULL
19043,NULL
19047,NULL
19059,NULL
19061,NULL
19065,NULL
19086,NULL
19108,NULL
19792,NULL
19122,NULL
19128,NULL
19138,NULL
19150,NULL
19160,NULL
19163,NULL
19171,NULL
19173,NULL
19179,NULL
19854,NULL
19235,NULL
19238,NULL
19239,NULL
19248,NULL
19253,NULL
19258,NULL
19279,NULL
19307,NULL
19324,NULL
19369,NULL
19374,NULL
19385,NULL
19394,NULL
19422,NULL
19438,NULL
19460,NULL
19461,NULL
19470,NULL
19481,NULL
19486,NULL
19490,NULL
19501,NULL
19511,NULL
19513,NULL
19516,NULL
19521,NULL
19533,NULL
19542,NULL
19545,NULL
19554,NULL
19557,NULL
19560,NULL
19562,NULL
19591,NULL
19592,NULL
19593,NULL
19602,NULL
19616,NULL
19622,NULL
19627,NULL
19628,NULL
19631,NULL
19636,NULL
19666,NULL
19675,NULL
19688,NULL
19689,NULL
19696,NULL
19701,NULL
19715,NULL
19731,NULL
19735,NULL
19738,NULL
19744,NULL
20098,NULL
19759,NULL
19762,NULL
19767,NULL
19771,NULL
19780,NULL
19784,NULL
19797,NULL
19803,NULL
19804,NULL
19830,NULL
19833,NULL
19860,NULL
19883,NULL
19900,NULL
19914,NULL
19921,NULL
19937,NULL
19938,NULL
19981,NULL
19982,NULL
19984,NULL
19985,NULL
20006,NULL
20016,NULL
20019,NULL
21415,NULL
20078,NULL
20085,NULL
20086,NULL
20088,NULL
20089,NULL
20103,NULL
20104,NULL
20105,NULL
20106,NULL
20117,NULL
20132,NULL
20133,NULL
20138,NULL
20151,NULL
20152,NULL
20159,NULL
20175,NULL
20177,NULL
20182,NULL
20184,NULL
20196,NULL
20200,NULL
20204,NULL
20207,NULL
20213,NULL
20229,NULL
20231,NULL
20233,NULL
20238,NULL
20240,NULL
20253,NULL
20257,NULL
20259,NULL
20270,NULL
20272,NULL
20283,NULL
20284,NULL
20289,NULL
20293,NULL
20306,NULL
20313,NULL
20318,NULL
20321,NULL
20331,NULL
21450,NULL
20347,NULL
20350,NULL
20370,NULL
20410,NULL
20413,NULL
20415,NULL
20429,NULL
20434,NULL
20435,NULL
20438,NULL
20439,NULL
20448,NULL
20455,NULL
20457,NULL
20482,NULL
20490,NULL
20495,NULL
20515,NULL
22234,NULL
20554,NULL
20556,NULL
20567,NULL
20573,NULL
20578,NULL
20586,NULL
20588,NULL
20594,NULL
20601,NULL
20606,NULL
20607,NULL
20609,NULL
20630,NULL
20653,NULL
20656,NULL
20661,NULL
20664,NULL
20666,NULL
20680,NULL
20686,NULL
20717,NULL
20722,NULL
20724,NULL
20726,NULL
22427,NULL
20739,NULL
20743,NULL
20746,NULL
20750,NULL
20755,NULL
20765,NULL
20775,NULL
20784,NULL
20785,NULL
20791,NULL
20816,NULL
20825,NULL
20845,NULL
20861,NULL
20862,NULL
20869,NULL
20878,NULL
20889,NULL
20903,NULL
20904,NULL
20915,NULL
20917,NULL
20953,NULL
20961,NULL
20962,NULL
20963,NULL
20965,NULL
20972,NULL
20983,NULL
20989,NULL
21006,NULL
21016,NULL
21019,NULL
21027,NULL
21030,NULL
21048,NULL
21058,NULL
21063,NULL
21072,NULL
21078,NULL
21081,NULL
21095,NULL
21581,NULL
21107,NULL
21111,NULL
21138,NULL
21142,NULL
21143,NULL
21155,NULL
21163,NULL
21169,NULL
21181,NULL
21185,NULL
21190,NULL
21193,NULL
21235,NULL
21264,NULL
21268,NULL
21269,NULL
21272,NULL
21273,NULL
21280,NULL
21281,NULL
21284,NULL
21287,NULL
21298,NULL
21303,NULL
21377,NULL
21398,NULL
21431,NULL
21443,NULL
21444,NULL
21452,NULL
21456,NULL
21462,NULL
21489,NULL
21490,NULL
21502,NULL
21516,NULL
21519,NULL
21530,NULL
21553,NULL
21559,NULL
21564,NULL
21568,NULL
21569,NULL
21572,NULL
21573,NULL
21575,NULL
21577,NULL
21607,NULL
21608,NULL
21619,NULL
21791,NULL
21650,NULL
21966,NULL
21677,NULL
21684,NULL
21693,NULL
21697,NULL
21703,NULL
21732,NULL
21734,NULL
21735,NULL
21737,NULL
21739,NULL
21753,NULL
21763,NULL
21765,NULL
21769,NULL
21781,NULL
21796,NULL
21804,NULL
21812,NULL
21818,NULL
22448,NULL
21830,NULL
22368,NULL
21850,NULL
21854,NULL
21858,NULL
21871,NULL
21874,NULL
21878,NULL
21897,NULL
21904,NULL
21905,NULL
21921,NULL
21954,NULL
21957,NULL
21965,NULL
21983,NULL
21986,NULL
21998,NULL
22003,NULL
22006,NULL
22011,NULL
22017,NULL
22019,NULL
22021,NULL
22034,NULL
22038,NULL
22045,NULL
22058,NULL
22063,NULL
22065,NULL
22066,NULL
22073,NULL
22087,NULL
22088,NULL
22090,NULL
22093,NULL
22097,NULL
22108,NULL
22112,NULL
22642,NULL
22164,NULL
22185,NULL
22189,NULL
22198,NULL
22218,NULL
22563,NULL
22226,NULL
22243,NULL
22244,NULL
22246,NULL
22258,NULL
22262,NULL
22265,NULL
22267,NULL
22270,NULL
22275,NULL
22294,NULL
22901,NULL
22376,NULL
22377,NULL
22392,NULL
22402,NULL
22403,NULL
22412,NULL
22420,NULL
22424,NULL
22436,NULL
22458,NULL
22815,NULL
22480,NULL
22483,NULL
22487,NULL
22497,NULL
22515,NULL
22522,NULL
22527,NULL
22530,NULL
22535,NULL
22550,NULL
22557,NULL
22606,NULL
23194,NULL
22619,NULL
22624,NULL
22627,NULL
22636,NULL
22644,NULL
22666,NULL
22911,NULL
22681,NULL
22685,NULL
22701,NULL
22707,NULL
22715,NULL
22734,NULL
22756,NULL
22783,NULL
22799,NULL
22807,NULL
22812,NULL
22851,NULL
22869,NULL
22953,NULL
22961,NULL
22971,NULL
22975,NULL
22988,NULL
23002,NULL
23003,NULL
23031,NULL
23047,NULL
23049,NULL
23053,NULL
23071,NULL
23089,NULL
23092,NULL
23105,NULL
23113,NULL
23136,NULL
23145,NULL
23157,NULL
23174,NULL
23190,NULL
23253,NULL
23215,NULL
23224,NULL
23226,NULL
23232,NULL
23238,NULL
23240,NULL
23249,NULL
23250,NULL
23255,NULL
23264,NULL
23276,NULL
23289,NULL
23298,NULL
23310,NULL
23337,NULL
23350,NULL
23376,NULL
23379,NULL
23390,NULL
23394,NULL
23398,NULL
23407,NULL
23417,NULL
23452,NULL
23453,NULL
23474,NULL
23477,NULL
23501,NULL
23517,NULL
23776,NULL
23531,NULL
23543,NULL
23546,NULL
23580,NULL
23584,NULL
23587,NULL
23590,NULL
23591,NULL
23607,NULL
23615,NULL
23637,NULL
23642,NULL
23654,NULL
23655,NULL
23662,NULL
23667,NULL
23676,NULL
23680,NULL
23687,NULL
23689,NULL
23703,NULL
23706,NULL
23707,NULL
23715,NULL
23740,NULL
23775,NULL
23803,NULL
23805,NULL
23806,NULL
23821,NULL
23831,NULL
23846,NULL
23848,NULL
23851,NULL
23855,NULL
23871,NULL
23877,NULL
23893,NULL
23904,NULL
23920,NULL
23926,NULL
23940,NULL
23954,NULL
23955,NULL
23974,NULL
23981,NULL
24004,NULL
24005,NULL
24016,NULL
24022,NULL
24024,NULL
24029,NULL
24033,NULL
24037,NULL
24039,NULL
24054,NULL
24063,NULL
24064,NULL
24079,NULL
24084,NULL
24092,NULL
24101,NULL
24104,NULL
24115,NULL
24134,NULL
24136,NULL
24147,NULL
24154,NULL
24160,NULL
24171,NULL
24177,NULL
24205,NULL
24210,NULL
24212,NULL
24233,NULL
24237,NULL
24245,NULL
24247,NULL
24272,NULL
24292,NULL
24295,NULL
24297,NULL
24298,NULL
24299,NULL
24310,NULL
24334,NULL
24337,NULL
24345,NULL
24347,NULL
24361,NULL
24607,NULL
24366,NULL
24371,NULL
24386,NULL
24390,NULL
24395,NULL
24398,NULL
24403,NULL
24410,NULL
24414,NULL
24426,NULL
24446,NULL
24456,NULL
24462,NULL
24466,NULL
24467,NULL
24469,NULL
24509,NULL
24512,NULL
24515,NULL
24533,NULL
24543,NULL
24601,NULL
24626,NULL
24630,NULL
24641,NULL
24660,NULL
25819,NULL
24679,NULL
24684,NULL
24694,NULL
24696,NULL
24724,NULL
24726,NULL
24734,NULL
24739,NULL
26106,NULL
24764,NULL
24767,NULL
24771,NULL
24797,NULL
26640,NULL
24809,NULL
24820,NULL
24823,NULL
24850,NULL
24860,NULL
24866,NULL
24869,NULL
24876,NULL
24899,NULL
24907,NULL
24908,NULL
24914,NULL
24921,NULL
24935,NULL
24940,NULL
24955,NULL
24959,NULL
24963,NULL
24968,NULL
24980,NULL
25005,NULL
25014,NULL
25036,NULL
25069,NULL
25071,NULL
25085,NULL
26984,NULL
25096,NULL
25101,NULL
25108,NULL
25111,NULL
25137,NULL
25144,NULL
25145,NULL
25152,NULL
25155,NULL
25168,NULL
25169,NULL
25188,NULL
25202,NULL
25210,NULL
25214,NULL
25236,NULL
25248,NULL
25250,NULL
25263,NULL
25265,NULL
25280,NULL
25285,NULL
25287,NULL
25294,NULL
25306,NULL
25308,NULL
25317,NULL
25318,NULL
25336,NULL
25340,NULL
25346,NULL
25349,NULL
25357,NULL
25358,NULL
25368,NULL
25372,NULL
25400,NULL
25410,NULL
25414,NULL
25416,NULL
25445,NULL
25448,NULL
25451,NULL
25464,NULL
25486,NULL
25493,NULL
25505,NULL
25526,NULL
25557,NULL
25571,NULL
25573,NULL
25575,NULL
25577,NULL
25589,NULL
25598,NULL
25615,NULL
25618,NULL
25626,NULL
25631,NULL
25632,NULL
25661,NULL
25664,NULL
25676,NULL
25679,NULL
25702,NULL
25703,NULL
25742,NULL
25747,NULL
25763,NULL
25779,NULL
25785,NULL
25790,NULL
25791,NULL
25800,NULL
25805,NULL
25806,NULL
25816,NULL
25825,NULL
25827,NULL
25842,NULL
25843,NULL
25858,NULL
25867,NULL
25916,NULL
25917,NULL
25926,NULL
25939,NULL
25942,NULL
25945,NULL
25947,NULL
26698,NULL
25970,NULL
25971,NULL
25973,NULL
25993,NULL
26046,NULL
26054,NULL
26058,NULL
26088,NULL
26109,NULL
26115,NULL
26116,NULL
26131,NULL
26132,NULL
26133,NULL
26139,NULL
26143,NULL
26159,NULL
26161,NULL
26162,NULL
26173,NULL
26183,NULL
26187,NULL
26787,NULL
26204,NULL
26209,NULL
26213,NULL
26215,NULL
26222,NULL
26228,NULL
26237,NULL
26246,NULL
26259,NULL
26275,NULL
26297,NULL
26299,NULL
26307,NULL
26329,NULL
26332,NULL
26333,NULL
26342,NULL
26349,NULL
26383,NULL
26388,NULL
26399,NULL
26402,NULL
26411,NULL
26414,NULL
26421,NULL
26433,NULL
26455,NULL
26462,NULL
26467,NULL
26488,NULL
26492,NULL
26494,NULL
26496,NULL
26497,NULL
26499,NULL
26507,NULL
26509,NULL
26523,NULL
26528,NULL
26534,NULL
26537,NULL
26542,NULL
26572,NULL
26575,NULL
26584,NULL
26589,NULL
26594,NULL
26602,NULL
26609,NULL
26621,NULL
26622,NULL
26629,NULL
26631,NULL
26635,NULL
26636,NULL
26983,NULL
26645,NULL
26659,NULL
26666,NULL
26672,NULL
26682,NULL
26684,NULL
26686,NULL
27325,NULL
26694,NULL
26696,NULL
26712,NULL
26714,NULL
26726,NULL
26746,NULL
26765,NULL
26772,NULL
26777,NULL
26778,NULL
26799,NULL
26812,NULL
26821,NULL
26823,NULL
26824,NULL
26826,NULL
26827,NULL
26838,NULL
26842,NULL
26845,NULL
26852,NULL
26854,NULL
26859,NULL
26868,NULL
26872,NULL
26873,NULL
26882,NULL
26891,NULL
26904,NULL
26909,NULL
26928,NULL
26936,NULL
26939,NULL
26945,NULL
26949,NULL
26966,NULL
26970,NULL
26973,NULL
26976,NULL
26979,NULL
27003,NULL
27008,NULL
27015,NULL
27057,NULL
27061,NULL
27075,NULL
27078,NULL
27089,NULL
27111,NULL
27117,NULL
27147,NULL
27157,NULL
27158,NULL
27159,NULL
27168,NULL
27274,NULL
27179,NULL
27187,NULL
27202,NULL
27211,NULL
27250,NULL
27259,NULL
27261,NULL
27264,NULL
27266,NULL
27269,NULL
27473,NULL
27277,NULL
27281,NULL
27284,NULL
27291,NULL
27313,NULL
27317,NULL
27319,NULL
27321,NULL
27339,NULL
27366,NULL
27374,NULL
27379,NULL
27385,NULL
27389,NULL
27396,NULL
27400,NULL
27402,NULL
27409,NULL
27420,NULL
27438,NULL
27444,NULL
27452,NULL
27454,NULL
27461,NULL
27471,NULL
27484,NULL
27493,NULL
27501,NULL
27505,NULL
27506,NULL
27508,NULL
27511,NULL
27518,NULL
27522,NULL
27524,NULL
27534,NULL
27535,NULL
27550,NULL
27551,NULL
27559,NULL
27567,NULL
27571,NULL
27584,NULL
29025,NULL
27638,NULL
27640,NULL
27641,NULL
27646,NULL
27689,NULL
27691,NULL
27700,NULL
27714,NULL
27718,NULL
27722,NULL
27734,NULL
27740,NULL
27746,NULL
27751,NULL
27755,NULL
27757,NULL
27759,NULL
27761,NULL
27781,NULL
27785,NULL
27793,NULL
27796,NULL
27798,NULL
27808,NULL
27813,NULL
27822,NULL
27825,NULL
27828,NULL
27838,NULL
27841,NULL
27855,NULL
27856,NULL
29026,NULL
27866,NULL
27872,NULL
27873,NULL
27883,NULL
27901,NULL
27902,NULL
27912,NULL
27918,NULL
27920,NULL
27925,NULL
27939,NULL
27941,NULL
27948,NULL
27953,NULL
27975,NULL
27994,NULL
28004,NULL
28024,NULL
28031,NULL
28034,NULL
28040,NULL
28046,NULL
28048,NULL
28058,NULL
28061,NULL
28083,NULL
28085,NULL
28097,NULL
28100,NULL
28112,NULL
28117,NULL
28119,NULL
28120,NULL
28123,NULL
28151,NULL
28171,NULL
28177,NULL
28181,NULL
28207,NULL
28215,NULL
28216,NULL
28225,NULL
28232,NULL
28239,NULL
28262,NULL
28284,NULL
28289,NULL
28297,NULL
28298,NULL
28303,NULL
28317,NULL
28327,NULL
28332,NULL
28362,NULL
28375,NULL
28377,NULL
28381,NULL
28391,NULL
28400,NULL
28401,NULL
28431,NULL
28448,NULL
28450,NULL
28464,NULL
28496,NULL
28505,NULL
28515,NULL
28520,NULL
28524,NULL
28542,NULL
28553,NULL
28564,NULL
28566,NULL
28574,NULL
28577,NULL
28583,NULL
28586,NULL
28593,NULL
28641,NULL
28642,NULL
28662,NULL
28665,NULL
28666,NULL
28668,NULL
28920,NULL
28683,NULL
28689,NULL
28695,NULL
28700,NULL
28706,NULL
28712,NULL
28725,NULL
28970,NULL
28737,NULL
28740,NULL
28757,NULL
28758,NULL
28778,NULL
28787,NULL
28810,NULL
28817,NULL
28889,NULL
28843,NULL
28894,NULL
28898,NULL
28908,NULL
28911,NULL
28923,NULL
28926,NULL
28928,NULL
28930,NULL
28935,NULL
28942,NULL
28966,NULL
28981,NULL
28986,NULL
29002,NULL
29003,NULL
29006,NULL
29021,NULL
29033,NULL
29041,NULL
29060,NULL
29066,NULL
29077,NULL
29085,NULL
29862,NULL
29098,NULL
29100,NULL
29138,NULL
29145,NULL
29149,NULL
29157,NULL
29179,NULL
29182,NULL
29183,NULL
29191,NULL
29238,NULL
29240,NULL
29256,NULL
29261,NULL
29263,NULL
29266,NULL
30060,NULL
29290,NULL
29291,NULL
29294,NULL
29295,NULL
29297,NULL
29299,NULL
29306,NULL
29332,NULL
29333,NULL
29334,NULL
29335,NULL
29338,NULL
29343,NULL
29344,NULL
29381,NULL
29393,NULL
29400,NULL
29414,NULL
29478,NULL
29480,NULL
29483,NULL
29486,NULL
29487,NULL
29512,NULL
29513,NULL
29537,NULL
29540,NULL
29541,NULL
29550,NULL
29551,NULL
29569,NULL
29570,NULL
29573,NULL
29588,NULL
29602,NULL
29608,NULL
29609,NULL
29614,NULL
29633,NULL
29637,NULL
29645,NULL
29646,NULL
29649,NULL
29652,NULL
29653,NULL
29655,NULL
29670,NULL
29672,NULL
29674,NULL
29677,NULL
29690,NULL
29697,NULL
29715,NULL
29723,NULL
29747,NULL
29760,NULL
29769,NULL
29782,NULL
29788,NULL
29790,NULL
29795,NULL
29806,NULL
29811,NULL
29814,NULL
29830,NULL
29832,NULL
29844,NULL
29846,NULL
29847,NULL
29848,NULL
29864,NULL
29876,NULL
29877,NULL
29901,NULL
29906,NULL
29919,NULL
29930,NULL
29933,NULL
29948,NULL
29950,NULL
29960,NULL
29968,NULL
29969,NULL
29980,NULL
29981,NULL
29984,NULL
29987,NULL
29998,NULL
29999,NULL
30004,NULL
30005,NULL
30006,NULL
30007,NULL
30017,NULL
30027,NULL
30042,NULL
30048,NULL
30079,NULL
30090,NULL
30097,NULL
30113,NULL
30114,NULL
30116,NULL
30154,NULL
30162,NULL
30170,NULL
30175,NULL
30176,NULL
30190,NULL
30197,NULL
30221,NULL
30234,NULL
30244,NULL
30257,NULL
30271,NULL
30274,NULL
30298,NULL
30300,NULL
30304,NULL
30311,NULL
30315,NULL
30318,NULL
30324,NULL
30333,NULL
30354,NULL
30362,NULL
30364,NULL
30375,NULL
30378,NULL
30386,NULL
30409,NULL
30414,NULL
30417,NULL
30429,NULL
30430,NULL
30444,NULL
30454,NULL
30470,NULL
30476,NULL
30486,NULL
30488,NULL
30499,NULL
30502,NULL
30516,NULL
30529,NULL
30543,NULL
30548,NULL
30549,NULL
30550,NULL
30564,NULL
30567,NULL
30568,NULL
30574,NULL
31222,NULL
30613,NULL
30627,NULL
30629,NULL
30644,NULL
30647,NULL
30654,NULL
30665,NULL
30669,NULL
30701,NULL
30710,NULL
30718,NULL
30728,NULL
30729,NULL
30792,NULL
30794,NULL
30797,NULL
30804,NULL
30806,NULL
30809,NULL
30819,NULL
31371,NULL
30836,NULL
30861,NULL
30863,NULL
30865,NULL
30878,NULL
30899,NULL
30905,NULL
30909,NULL
30933,NULL
30935,NULL
30942,NULL
30959,NULL
30960,NULL
32050,NULL
30991,NULL
31025,NULL
31047,NULL
31054,NULL
31068,NULL
31097,NULL
31106,NULL
31110,NULL
31113,NULL
31145,NULL
31146,NULL
31161,NULL
31163,NULL
31169,NULL
31179,NULL
31197,NULL
31198,NULL
31204,NULL
31205,NULL
31217,NULL
31223,NULL
31228,NULL
31239,NULL
31243,NULL
31251,NULL
31253,NULL
31256,NULL
31261,NULL
31264,NULL
31280,NULL
31284,NULL
31285,NULL
31297,NULL
31317,NULL
31331,NULL
31335,NULL
31347,NULL
31367,NULL
31381,NULL
31383,NULL
31430,NULL
31443,NULL
31444,NULL
31446,NULL
31455,NULL
31465,NULL
31467,NULL
31476,NULL
31494,NULL
31511,NULL
31513,NULL
31539,NULL
31549,NULL
31552,NULL
31594,NULL
31599,NULL
31601,NULL
31605,NULL
31614,NULL
31622,NULL
31623,NULL
31627,NULL
31631,NULL
31633,NULL
31635,NULL
31636,NULL
31644,NULL
31645,NULL
31647,NULL
31655,NULL
31656,NULL
31660,NULL
31665,NULL
31668,NULL
31684,NULL
31685,NULL
31696,NULL
31699,NULL
31707,NULL
31763,NULL
31773,NULL
31776,NULL
31786,NULL
31795,NULL
31802,NULL
31813,NULL
31816,NULL
31819,NULL
31822,NULL
31825,NULL
31826,NULL
31833,NULL
31842,NULL
31845,NULL
31846,NULL
31847,NULL
31883,NULL
31886,NULL
31891,NULL
31892,NULL
31908,NULL
31915,NULL
31923,NULL
32651,NULL
31927,NULL
31933,NULL
31938,NULL
31943,NULL
31949,NULL
31955,NULL
31978,NULL
31994,NULL
31999,NULL
32031,NULL
32042,NULL
32046,NULL
32065,NULL
32077,NULL
32082,NULL
32086,NULL
32105,NULL
32111,NULL
32133,NULL
32138,NULL
32139,NULL
32147,NULL
32150,NULL
32157,NULL
32174,NULL
32177,NULL
32196,NULL
32198,NULL
33040,NULL
32232,NULL
32263,NULL
32276,NULL
32279,NULL
32280,NULL
32290,NULL
32296,NULL
32297,NULL
32310,NULL
32347,NULL
32348,NULL
32349,NULL
32369,NULL
32373,NULL
32374,NULL
32383,NULL
32392,NULL
32394,NULL
32397,NULL
32404,NULL
32406,NULL
32416,NULL
32436,NULL
32440,NULL
32442,NULL
32452,NULL
32458,NULL
32459,NULL
32489,NULL
32511,NULL
32513,NULL
32515,NULL
32516,NULL
32518,NULL
32526,NULL
32528,NULL
32539,NULL
32540,NULL
32551,NULL
32557,NULL
32571,NULL
32577,NULL
32598,NULL
32600,NULL
32601,NULL
32626,NULL
32633,NULL
32634,NULL
32646,NULL
32653,NULL
32655,NULL
32666,NULL
32668,NULL
32677,NULL
32692,NULL
32693,NULL
32716,NULL
32724,NULL
32727,NULL
32733,NULL
32735,NULL
32765,NULL
32771,NULL
32785,NULL
32787,NULL
32801,NULL
32804,NULL
32831,NULL
32839,NULL
32840,NULL
32850,NULL
32859,NULL
32861,NULL
32869,NULL
32876,NULL
32885,NULL
32898,NULL
32921,NULL
32937,NULL
32941,NULL
32950,NULL
32958,NULL
32967,NULL
32971,NULL
32976,NULL
32981,NULL
32998,NULL
33005,NULL
33006,NULL
33008,NULL
33010,NULL
33054,NULL
33055,NULL
33067,NULL
33068,NULL
33076,NULL
33084,NULL
33096,NULL
33100,NULL
33121,NULL
33124,NULL
33140,NULL
33155,NULL
33165,NULL
33167,NULL
33236,NULL
33240,NULL
33248,NULL
33249,NULL
33262,NULL
33276,NULL
33291,NULL
33295,NULL
33318,NULL
33319,NULL
33323,NULL
33329,NULL
33331,NULL
33334,NULL
33375,NULL
33388,NULL
33393,NULL
33398,NULL
33408,NULL
33418,NULL
33421,NULL
33434,NULL
33450,NULL
33478,NULL
33480,NULL
33482,NULL
33484,NULL
33488,NULL
33496,NULL
33497,NULL
33499,NULL
33510,NULL
33515,NULL
33523,NULL
33524,NULL
33532,NULL
33543,NULL
33552,NULL
33571,NULL
33578,NULL
33584,NULL
33593,NULL
33596,NULL
33601,NULL
33611,NULL
33612,NULL
33615,NULL
33619,NULL
33638,NULL
33648,NULL
33656,NULL
33657,NULL
33679,NULL
33683,NULL
33685,NULL
33692,NULL
33693,NULL
33697,NULL
33702,NULL
33730,NULL
33733,NULL
33734,NULL
33741,NULL
33746,NULL
33776,NULL
33793,NULL
33827,NULL
33875,NULL
33897,NULL
33932,NULL
33936,NULL
33940,NULL
33948,NULL
33952,NULL
33960,NULL
33964,NULL
33969,NULL
33981,NULL
33988,NULL
33993,NULL
33996,NULL
34005,NULL
34015,NULL
34022,NULL
34037,NULL
34039,NULL
34074,NULL
34085,NULL
34088,NULL
34096,NULL
34110,NULL
34122,NULL
34132,NULL
34140,NULL
34150,NULL
34157,NULL
34177,NULL
34190,NULL
34208,NULL
34211,NULL
34213,NULL
34233,NULL
34244,NULL
34255,NULL
34263,NULL
34265,NULL
34280,NULL
34290,NULL
34293,NULL
34309,NULL
34315,NULL
34331,NULL
34338,NULL
34365,NULL
34366,NULL
34383,NULL
34384,NULL
34387,NULL
34402,NULL
34417,NULL
34421,NULL
34428,NULL
34435,NULL
34438,NULL
34450,NULL
34459,NULL
34474,NULL
34484,NULL
34492,NULL
34495,NULL
34515,NULL
34522,NULL
34538,NULL
34545,NULL
34554,NULL
34557,NULL
34564,NULL
34588,NULL
34613,NULL
34616,NULL
34643,NULL
34645,NULL
34659,NULL
34660,NULL
34667,NULL
34680,NULL
34682,NULL
34691,NULL
34705,NULL
34706,NULL
34715,NULL
34716,NULL
34718,NULL
34719,NULL
34753,NULL
34765,NULL
34766,NULL
34771,NULL
34783,NULL
34792,NULL
34801,NULL
34808,NULL
34825,NULL
34828,NULL
34830,NULL
34841,NULL
34845,NULL
34857,NULL
34873,NULL
34880,NULL
34883,NULL
34891,NULL
34893,NULL
34902,NULL
34908,NULL
34914,NULL
34928,NULL
34933,NULL
34937,NULL
34941,NULL
34956,NULL
34970,NULL
34973,NULL
34982,NULL
34985,NULL
35000,NULL
35014,NULL
35022,NULL
35055,NULL
35064,NULL
35075,NULL
35081,NULL
35087,NULL
35096,NULL
35100,NULL
35107,NULL
35129,NULL
35133,NULL
35159,NULL
35310,NULL
35167,NULL
35311,NULL
35216,NULL
35255,NULL
35258,NULL
35274,NULL
35278,NULL
35279,NULL
35287,NULL
35295,NULL
35298,NULL
35300,NULL
35306,NULL
35309,NULL
35324,NULL
35358,NULL
35406,NULL
35419,NULL
35422,NULL
35425,NULL
35431,NULL
35433,NULL
35441,NULL
35442,NULL
35454,NULL
35457,NULL
35802,NULL
35469,NULL
35477,NULL
35484,NULL
35488,NULL
35496,NULL
35499,NULL
35501,NULL
35502,NULL
35517,NULL
35518,NULL
35520,NULL
35529,NULL
35537,NULL
35543,NULL
35545,NULL
35550,NULL
35555,NULL
36142,NULL
35569,NULL
35570,NULL
35587,NULL
35597,NULL
35599,NULL
35603,NULL
35611,NULL
35628,NULL
35662,NULL
35671,NULL
35672,NULL
35677,NULL
35679,NULL
35684,NULL
35685,NULL
35697,NULL
35702,NULL
35715,NULL
35723,NULL
35744,NULL
35750,NULL
35760,NULL
35766,NULL
35807,NULL
35812,NULL
35815,NULL
35829,NULL
35838,NULL
35847,NULL
35850,NULL
35861,NULL
35863,NULL
35875,NULL
35880,NULL
35883,NULL
35898,NULL
35902,NULL
35919,NULL
35922,NULL
35924,NULL
35926,NULL
35947,NULL
35948,NULL
35955,NULL
35960,NULL
35974,NULL
35976,NULL
35982,NULL
35986,NULL
36009,NULL
36034,NULL
36043,NULL
36045,NULL
36049,NULL
36076,NULL
36089,NULL
36337,NULL
36105,NULL
36127,NULL
36138,NULL
36149,NULL
36150,NULL
36152,NULL
36155,NULL
36159,NULL
36172,NULL
36173,NULL
36176,NULL
36183,NULL
36195,NULL
36214,NULL
36227,NULL
36235,NULL
36248,NULL
36253,NULL
36264,NULL
36280,NULL
36292,NULL
36305,NULL
36316,NULL
36334,NULL
36348,NULL
36351,NULL
36371,NULL
36382,NULL
36389,NULL
36397,NULL
36401,NULL
36422,NULL
36423,NULL
36442,NULL
36446,NULL
36449,NULL
36479,NULL
36505,NULL
36507,NULL
36514,NULL
36526,NULL
36549,NULL
36569,NULL
36576,NULL
36594,NULL
36596,NULL
36598,NULL
36601,NULL
36609,NULL
36611,NULL
36613,NULL
36619,NULL
36632,NULL
36646,NULL
36648,NULL
36661,NULL
36675,NULL
36709,NULL
36710,NULL
36733,NULL
36736,NULL
36742,NULL
36786,NULL
36792,NULL
36799,NULL
36801,NULL
36822,NULL
36826,NULL
36827,NULL
36837,NULL
36844,NULL
36845,NULL
36847,NULL
36857,NULL
36861,NULL
36887,NULL
36896,NULL
36899,NULL
36900,NULL
36903,NULL
36904,NULL
36906,NULL
36909,NULL
36922,NULL
36924,NULL
36929,NULL
36946,NULL
36956,NULL
36974,NULL
36977,NULL
36983,NULL
36991,NULL
36994,NULL
37002,NULL
37013,NULL
37019,NULL
37033,NULL
37055,NULL
37691,NULL
37074,NULL
37085,NULL
37086,NULL
37105,NULL
37106,NULL
37126,NULL
37135,NULL
37149,NULL
37150,NULL
37164,NULL
37166,NULL
37171,NULL
37181,NULL
37182,NULL
37185,NULL
37189,NULL
37214,NULL
37230,NULL
37233,NULL
37244,NULL
37247,NULL
37248,NULL
37272,NULL
37289,NULL
37293,NULL
37303,NULL
37306,NULL
37311,NULL
37314,NULL
37320,NULL
37330,NULL
37348,NULL
37352,NULL
37371,NULL
37375,NULL
37385,NULL
37401,NULL
37415,NULL
37426,NULL
37433,NULL
37434,NULL
37440,NULL
37444,NULL
37449,NULL
37456,NULL
37478,NULL
37484,NULL
37494,NULL
37507,NULL
37509,NULL
37518,NULL
37521,NULL
37543,NULL
37548,NULL
37550,NULL
37551,NULL
37552,NULL
37569,NULL
37570,NULL
37572,NULL
37575,NULL
37612,NULL
37624,NULL
37633,NULL
37648,NULL
37667,NULL
37669,NULL
37670,NULL
37672,NULL
37680,NULL
37690,NULL
37714,NULL
37716,NULL
37721,NULL
37723,NULL
37732,NULL
37736,NULL
37755,NULL
37760,NULL
37799,NULL
37803,NULL
37805,NULL
37823,NULL
37824,NULL
37833,NULL
37837,NULL
37850,NULL
37872,NULL
37879,NULL
37895,NULL
37904,NULL
37923,NULL
37924,NULL
37953,NULL
37959,NULL
37971,NULL
37972,NULL
37975,NULL
37984,NULL
38004,NULL
38026,NULL
38047,NULL
38072,NULL
38100,NULL
38107,NULL
38108,NULL
38124,NULL
38131,NULL
38141,NULL
38149,NULL
38166,NULL
38179,NULL
38202,NULL
38215,NULL
38218,NULL
38234,NULL
38244,NULL
38247,NULL
38254,NULL
38258,NULL
38262,NULL
38263,NULL
38300,NULL
38308,NULL
38318,NULL
38327,NULL
38337,NULL
38342,NULL
38356,NULL
38359,NULL
38362,NULL
38371,NULL
38382,NULL
38384,NULL
38392,NULL
38396,NULL
38398,NULL
38410,NULL
38411,NULL
38422,NULL
38423,NULL
38424,NULL
38430,NULL
38449,NULL
38452,NULL
38490,NULL
38509,NULL
38510,NULL
38664,NULL
38519,NULL
38521,NULL
38534,NULL
38547,NULL
38554,NULL
38562,NULL
38566,NULL
38568,NULL
38570,NULL
38572,NULL
38580,NULL
38585,NULL
38589,NULL
38592,NULL
38597,NULL
38602,NULL
38620,NULL
38639,NULL
38646,NULL
38653,NULL
38663,NULL
38672,NULL
38693,NULL
38694,NULL
39199,NULL
38729,NULL
38740,NULL
38741,NULL
38742,NULL
38766,NULL
38775,NULL
38777,NULL
38781,NULL
38791,NULL
38794,NULL
38809,NULL
38818,NULL
38826,NULL
38832,NULL
38833,NULL
38844,NULL
38859,NULL
38861,NULL
38862,NULL
38887,NULL
38888,NULL
38892,NULL
38894,NULL
38899,NULL
38905,NULL
38906,NULL
38911,NULL
38930,NULL
38950,NULL
38953,NULL
38984,NULL
38990,NULL
38994,NULL
38996,NULL
39000,NULL
39017,NULL
39018,NULL
39038,NULL
39042,NULL
39060,NULL
39063,NULL
39076,NULL
39077,NULL
39081,NULL
39087,NULL
39093,NULL
39098,NULL
39185,NULL
39177,NULL
39178,NULL
39181,NULL
39183,NULL
39189,NULL
39206,NULL
39211,NULL
39224,NULL
39249,NULL
39251,NULL
39265,NULL
39268,NULL
39269,NULL
39273,NULL
39308,NULL
39350,NULL
39355,NULL
39366,NULL
39368,NULL
39391,NULL
39397,NULL
39398,NULL
39404,NULL
39408,NULL
39409,NULL
39425,NULL
39436,NULL
39451,NULL
39458,NULL
39459,NULL
39461,NULL
39474,NULL
39480,NULL
39482,NULL
39491,NULL
39829,NULL
39499,NULL
39501,NULL
39508,NULL
39511,NULL
39520,NULL
39522,NULL
39527,NULL
39540,NULL
39546,NULL
39552,NULL
39561,NULL
39586,NULL
39593,NULL
39595,NULL
39613,NULL
39615,NULL
39633,NULL
39635,NULL
39639,NULL
39647,NULL
39668,NULL
39679,NULL
39683,NULL
39976,NULL
39693,NULL
39695,NULL
39697,NULL
39710,NULL
39722,NULL
39723,NULL
41284,NULL
39735,NULL
39763,NULL
40685,NULL
39791,NULL
39796,NULL
39802,NULL
39803,NULL
39809,NULL
39811,NULL
39819,NULL
39821,NULL
39823,NULL
39847,NULL
39865,NULL
39868,NULL
39869,NULL
39896,NULL
39907,NULL
39916,NULL
39922,NULL
39934,NULL
39938,NULL
39940,NULL
39945,NULL
39964,NULL
39974,NULL
39997,NULL
40018,NULL
40042,NULL
40045,NULL
40052,NULL
40057,NULL
40065,NULL
40066,NULL
40072,NULL
40091,NULL
40929,NULL
40144,NULL
40146,NULL
40157,NULL
40161,NULL
40173,NULL
40185,NULL
40191,NULL
40196,NULL
40201,NULL
40204,NULL
40207,NULL
40212,NULL
40217,NULL
40222,NULL
40235,NULL
40241,NULL
40255,NULL
40259,NULL
40266,NULL
40274,NULL
40284,NULL
40286,NULL
40289,NULL
40294,NULL
40307,NULL
40311,NULL
40314,NULL
40316,NULL
40324,NULL
40326,NULL
40332,NULL
40334,NULL
40347,NULL
40353,NULL
40357,NULL
40360,NULL
40363,NULL
40377,NULL
40388,NULL
40405,NULL
40408,NULL
40423,NULL
40425,NULL
40428,NULL
40432,NULL
40454,NULL
40460,NULL
40471,NULL
40480,NULL
40481,NULL
40487,NULL
40930,NULL
40509,NULL
40513,NULL
40514,NULL
40521,NULL
40540,NULL
40557,NULL
40561,NULL
40564,NULL
40565,NULL
40566,NULL
40594,NULL
40614,NULL
40631,NULL
40645,NULL
40666,NULL
40681,NULL
40693,NULL
40706,NULL
40711,NULL
40713,NULL
40724,NULL
40726,NULL
40741,NULL
40751,NULL
40768,NULL
40783,NULL
40785,NULL
40788,NULL
40796,NULL
40803,NULL
40813,NULL
40819,NULL
40823,NULL
40829,NULL
40838,NULL
40845,NULL
40855,NULL
40863,NULL
40877,NULL
40879,NULL
40880,NULL
41171,NULL
40889,NULL
40911,NULL
40914,NULL
40924,NULL
40935,NULL
40942,NULL
40957,NULL
40966,NULL
40968,NULL
40969,NULL
40977,NULL
41005,NULL
41011,NULL
41021,NULL
41029,NULL
41034,NULL
41035,NULL
41036,NULL
41770,NULL
41050,NULL
41059,NULL
41064,NULL
41065,NULL
41090,NULL
41096,NULL
41116,NULL
41140,NULL
41143,NULL
41152,NULL
41167,NULL
41174,NULL
41188,NULL
41192,NULL
41194,NULL
41196,NULL
41220,NULL
41223,NULL
41231,NULL
41235,NULL
41249,NULL
41260,NULL
41264,NULL
41292,NULL
41294,NULL
41307,NULL
41310,NULL
41320,NULL
41330,NULL
41341,NULL
41342,NULL
41344,NULL
41359,NULL
41363,NULL
41372,NULL
41386,NULL
41391,NULL
41406,NULL
41431,NULL
41434,NULL
41435,NULL
41441,NULL
41606,NULL
41467,NULL
41490,NULL
41491,NULL
41492,NULL
41510,NULL
41514,NULL
41542,NULL
41552,NULL
41564,NULL
41567,NULL
41589,NULL
41591,NULL
41599,NULL
41608,NULL
41623,NULL
41627,NULL
41630,NULL
41643,NULL
41645,NULL
41650,NULL
41652,NULL
41654,NULL
41672,NULL
41677,NULL
41693,NULL
41701,NULL
41732,NULL
41736,NULL
41744,NULL
41760,NULL
41762,NULL
41765,NULL
41778,NULL
41785,NULL
41794,NULL
41795,NULL
41797,NULL
41809,NULL
41817,NULL
41818,NULL
41823,NULL
41831,NULL
41855,NULL
41877,NULL
41889,NULL
41890,NULL
41901,NULL
41938,NULL
41949,NULL
41956,NULL
41960,NULL
41971,NULL
41973,NULL
41983,NULL
41988,NULL
41991,NULL
42030,NULL
42040,NULL
42060,NULL
42161,NULL
42079,NULL
42080,NULL
42092,NULL
42135,NULL
42143,NULL
42144,NULL
42147,NULL
42149,NULL
42150,NULL
42155,NULL
42160,NULL
42171,NULL
42172,NULL
42181,NULL
42189,NULL
42199,NULL
42210,NULL
42212,NULL
42224,NULL
42226,NULL
42233,NULL
42235,NULL
42244,NULL
42252,NULL
42941,NULL
42265,NULL
42281,NULL
42297,NULL
42303,NULL
42314,NULL
42315,NULL
42339,NULL
42340,NULL
42341,NULL
42343,NULL
42347,NULL
42360,NULL
42365,NULL
42368,NULL
42373,NULL
42400,NULL
42401,NULL
42419,NULL
42421,NULL
42424,NULL
42427,NULL
42439,NULL
42443,NULL
42447,NULL
42458,NULL
42462,NULL
42470,NULL
42482,NULL
42484,NULL
42486,NULL
42490,NULL
42494,NULL
42510,NULL
42520,NULL
42550,NULL
43086,NULL
42558,NULL
42592,NULL
42594,NULL
42595,NULL
42596,NULL
42601,NULL
42602,NULL
42613,NULL
42619,NULL
42626,NULL
42628,NULL
42658,NULL
42659,NULL
42663,NULL
42697,NULL
42705,NULL
42712,NULL
42721,NULL
42731,NULL
42732,NULL
42736,NULL
42754,NULL
42768,NULL
42774,NULL
42780,NULL
42781,NULL
42796,NULL
42811,NULL
42827,NULL
42839,NULL
42845,NULL
42863,NULL
42864,NULL
42867,NULL
42882,NULL
42886,NULL
42893,NULL
42905,NULL
42917,NULL
42919,NULL
42929,NULL
42931,NULL
42935,NULL
42940,NULL
42947,NULL
42952,NULL
42959,NULL
42969,NULL
42976,NULL
42978,NULL
42995,NULL
43031,NULL
43281,NULL
43054,NULL
43093,NULL
43094,NULL
43127,NULL
43165,NULL
43175,NULL
43178,NULL
43184,NULL
43190,NULL
43191,NULL
43197,NULL
43200,NULL
43216,NULL
43219,NULL
43225,NULL
43955,NULL
43271,NULL
43273,NULL
43274,NULL
43275,NULL
43287,NULL
43317,NULL
43326,NULL
43334,NULL
43337,NULL
43340,NULL
43349,NULL
43351,NULL
43364,NULL
43367,NULL
43374,NULL
43380,NULL
43383,NULL
43403,NULL
43420,NULL
43435,NULL
43440,NULL
43442,NULL
43444,NULL
43459,NULL
43464,NULL
43470,NULL
43484,NULL
43487,NULL
43492,NULL
43505,NULL
43532,NULL
43533,NULL
43535,NULL
43539,NULL
43548,NULL
43564,NULL
43568,NULL
43593,NULL
43594,NULL
43601,NULL
43609,NULL
43633,NULL
43720,NULL
43722,NULL
43756,NULL
43757,NULL
43760,NULL
43764,NULL
43766,NULL
43769,NULL
43774,NULL
43776,NULL
43781,NULL
44265,NULL
43835,NULL
43843,NULL
43853,NULL
43862,NULL
43896,NULL
43919,NULL
44266,NULL
43926,NULL
43928,NULL
43929,NULL
43935,NULL
43969,NULL
43972,NULL
43973,NULL
43974,NULL
43980,NULL
43982,NULL
43988,NULL
44006,NULL
44017,NULL
44040,NULL
44201,NULL
44053,NULL
44055,NULL
44070,NULL
44071,NULL
44079,NULL
44083,NULL
44086,NULL
44088,NULL
44089,NULL
44100,NULL
44101,NULL
44108,NULL
44116,NULL
44117,NULL
44125,NULL
44137,NULL
44139,NULL
44173,NULL
44189,NULL
44190,NULL
44192,NULL
44195,NULL
44214,NULL
44220,NULL
44222,NULL
44254,NULL
44258,NULL
44260,NULL
44261,NULL
44281,NULL
44297,NULL
44309,NULL
44317,NULL
44325,NULL
44337,NULL
44341,NULL
44343,NULL
44347,NULL
44365,NULL
44377,NULL
44380,NULL
44384,NULL
44387,NULL
44401,NULL
44412,NULL
44607,NULL
44415,NULL
44423,NULL
44425,NULL
44426,NULL
44440,NULL
44459,NULL
44464,NULL
44467,NULL
44482,NULL
44495,NULL
44505,NULL
44517,NULL
44519,NULL
44521,NULL
44534,NULL
44540,NULL
44552,NULL
44556,NULL
44577,NULL
44580,NULL
44588,NULL
44598,NULL
44605,NULL
44611,NULL
44616,NULL
44618,NULL
44621,NULL
44660,NULL
44665,NULL
44670,NULL
44672,NULL
44717,NULL
44720,NULL
44771,NULL
44787,NULL
44788,NULL
44797,NULL
44799,NULL
44801,NULL
44808,NULL
44810,NULL
44833,NULL
44837,NULL
44838,NULL
44857,NULL
44864,NULL
44870,NULL
44874,NULL
44875,NULL
44894,NULL
44899,NULL
44918,NULL
44921,NULL
44923,NULL
44931,NULL
44947,NULL
44951,NULL
44952,NULL
44953,NULL
44957,NULL
44958,NULL
44986,NULL
45010,NULL
45016,NULL
45044,NULL
45045,NULL
45053,NULL
45061,NULL
45070,NULL
45075,NULL
45083,NULL
45084,NULL
45113,NULL
45116,NULL
45117,NULL
45120,NULL
45121,NULL
45123,NULL
45134,NULL
45156,NULL
45157,NULL
45164,NULL
45197,NULL
45198,NULL
45207,NULL
45213,NULL
45220,NULL
45277,NULL
45280,NULL
45320,NULL
45323,NULL
45327,NULL
45336,NULL
45342,NULL
45347,NULL
45353,NULL
45354,NULL
45356,NULL
45372,NULL
45374,NULL
45382,NULL
45384,NULL
45405,NULL
45406,NULL
45408,NULL
45431,NULL
45437,NULL
45443,NULL
45445,NULL
45464,NULL
45474,NULL
45482,NULL
45485,NULL
45494,NULL
45518,NULL
45521,NULL
45526,NULL
45545,NULL
45549,NULL
45550,NULL
45560,NULL
45587,NULL
45601,NULL
45604,NULL
45613,NULL
45626,NULL
45627,NULL
45637,NULL
45657,NULL
45660,NULL
45691,NULL
45703,NULL
45730,NULL
45733,NULL
45740,NULL
45763,NULL
45776,NULL
45777,NULL
45779,NULL
45783,NULL
45784,NULL
45789,NULL
45797,NULL
45827,NULL
45835,NULL
45847,NULL
45861,NULL
45885,NULL
45886,NULL
45889,NULL
45932,NULL
45949,NULL
45955,NULL
45959,NULL
45960,NULL
45963,NULL
45965,NULL
45972,NULL
45974,NULL
45996,NULL
46004,NULL
46011,NULL
46020,NULL
46025,NULL
46032,NULL
46034,NULL
46037,NULL
46043,NULL
46070,NULL
46077,NULL
46079,NULL
46083,NULL
46089,NULL
46102,NULL
46107,NULL
46111,NULL
46122,NULL
46138,NULL
46139,NULL
46156,NULL
46171,NULL
46178,NULL
46179,NULL
46203,NULL
46215,NULL
46216,NULL
46225,NULL
46228,NULL
46232,NULL
46240,NULL
46241,NULL
46434,NULL
46243,NULL
46253,NULL
46254,NULL
46265,NULL
46280,NULL
46309,NULL
46312,NULL
46319,NULL
46322,NULL
46326,NULL
46327,NULL
46349,NULL
46359,NULL
46360,NULL
46368,NULL
46391,NULL
46404,NULL
46423,NULL
46436,NULL
46446,NULL
46478,NULL
46479,NULL
47106,NULL
46490,NULL
46504,NULL
46523,NULL
46525,NULL
46558,NULL
46567,NULL
46568,NULL
46571,NULL
46575,NULL
46588,NULL
46594,NULL
46609,NULL
46613,NULL
46629,NULL
46634,NULL
46642,NULL
46648,NULL
46651,NULL
46653,NULL
46658,NULL
46663,NULL
46669,NULL
46683,NULL
46690,NULL
46693,NULL
46710,NULL
46725,NULL
46732,NULL
46754,NULL
46769,NULL
46777,NULL
46809,NULL
46830,NULL
46838,NULL
46869,NULL
46871,NULL
46877,NULL
46882,NULL
46892,NULL
46900,NULL
46901,NULL
46912,NULL
46924,NULL
46925,NULL
46956,NULL
46967,NULL
46973,NULL
46977,NULL
46980,NULL
46994,NULL
47006,NULL
47009,NULL
47021,NULL
47022,NULL
47029,NULL
47030,NULL
47038,NULL
47057,NULL
47062,NULL
47073,NULL
47076,NULL
47080,NULL
47101,NULL
47346,NULL
47114,NULL
47120,NULL
47122,NULL
47136,NULL
48552,NULL
47164,NULL
47170,NULL
47173,NULL
47186,NULL
47257,NULL
47283,NULL
47289,NULL
47290,NULL
47301,NULL
47345,NULL
47354,NULL
47361,NULL
47363,NULL
47364,NULL
47365,NULL
47366,NULL
47367,NULL
47371,NULL
47379,NULL
47385,NULL
47394,NULL
47397,NULL
47400,NULL
47440,NULL
47443,NULL
47448,NULL
47453,NULL
47472,NULL
47482,NULL
48988,NULL
47493,NULL
47495,NULL
47498,NULL
47525,NULL
47526,NULL
47533,NULL
47549,NULL
47556,NULL
47568,NULL
47569,NULL
47583,NULL
47593,NULL
47601,NULL
47614,NULL
47617,NULL
47621,NULL
47624,NULL
47638,NULL
47641,NULL
47643,NULL
47654,NULL
47657,NULL
47663,NULL
47693,NULL
47705,NULL
47706,NULL
49325,NULL
47746,NULL
47749,NULL
47756,NULL
47759,NULL
47760,NULL
47770,NULL
47771,NULL
47780,NULL
47800,NULL
47804,NULL
47812,NULL
47824,NULL
47844,NULL
47848,NULL
47855,NULL
47857,NULL
47866,NULL
47867,NULL
47869,NULL
47879,NULL
47888,NULL
47898,NULL
47914,NULL
47925,NULL
47933,NULL
47942,NULL
47966,NULL
47968,NULL
47969,NULL
47980,NULL
47984,NULL
48002,NULL
48006,NULL
48007,NULL
48013,NULL
48016,NULL
48047,NULL
48055,NULL
48109,NULL
48119,NULL
48138,NULL
48148,NULL
48153,NULL
48155,NULL
48169,NULL
48186,NULL
48190,NULL
48197,NULL
48199,NULL
48200,NULL
48245,NULL
48246,NULL
48254,NULL
48275,NULL
48292,NULL
48300,NULL
48325,NULL
48330,NULL
48336,NULL
48345,NULL
48348,NULL
48357,NULL
48358,NULL
48372,NULL
48374,NULL
48379,NULL
48380,NULL
48386,NULL
48390,NULL
48398,NULL
48428,NULL
48434,NULL
48436,NULL
48440,NULL
48441,NULL
48447,NULL
48463,NULL
48487,NULL
48504,NULL
48512,NULL
48531,NULL
48542,NULL
48543,NULL
48556,NULL
48563,NULL
48565,NULL
48567,NULL
48591,NULL
48740,NULL
48601,NULL
48606,NULL
48611,NULL
48613,NULL
48617,NULL
48630,NULL
48634,NULL
48640,NULL
48650,NULL
48652,NULL
48654,NULL
48669,NULL
48672,NULL
48689,NULL
48702,NULL
48705,NULL
48712,NULL
48714,NULL
48717,NULL
48722,NULL
48736,NULL
48737,NULL
48742,NULL
48760,NULL
48765,NULL
48777,NULL
48779,NULL
48787,NULL
48789,NULL
48815,NULL
48818,NULL
48819,NULL
48820,NULL
48849,NULL
48859,NULL
48870,NULL
48878,NULL
48882,NULL
48887,NULL
48901,NULL
48905,NULL
48924,NULL
48948,NULL
48987,NULL
49002,NULL
49017,NULL
49028,NULL
49040,NULL
49049,NULL
49057,NULL
49059,NULL
49060,NULL
49074,NULL
49081,NULL
49093,NULL
49098,NULL
49135,NULL
49136,NULL
49137,NULL
49138,NULL
49145,NULL
49154,NULL
49162,NULL
49171,NULL
49176,NULL
49197,NULL
49215,NULL
49218,NULL
49240,NULL
49241,NULL
49245,NULL
49248,NULL
49254,NULL
49256,NULL
49286,NULL
49303,NULL
49317,NULL
49560,NULL
49324,NULL
49330,NULL
49336,NULL
49345,NULL
49353,NULL
49382,NULL
49384,NULL
49386,NULL
49391,NULL
49412,NULL
49416,NULL
49431,NULL
49434,NULL
49438,NULL
49441,NULL
49456,NULL
49462,NULL
49477,NULL
49488,NULL
49494,NULL
49497,NULL
49515,NULL
49519,NULL
49530,NULL
49533,NULL
49534,NULL
49545,NULL
49547,NULL
49564,NULL
49567,NULL
49593,NULL
49594,NULL
49598,NULL
49611,NULL
49813,NULL
49623,NULL
49627,NULL
49628,NULL
49640,NULL
49654,NULL
49675,NULL
49690,NULL
49693,NULL
49695,NULL
49707,NULL
49716,NULL
49728,NULL
49729,NULL
49731,NULL
49736,NULL
49741,NULL
49744,NULL
49760,NULL
49769,NULL
49804,NULL
49816,NULL
49869,NULL
49873,NULL
49882,NULL
49893,NULL
49894,NULL
49905,NULL
49906,NULL
49909,NULL
49914,NULL
49926,NULL
49962,NULL
49970,NULL
49976,NULL
49984,NULL
49993,NULL
50000,NULL
